{"v":"5.7.13","fr":29.9700012207031,"ip":0,"op":285.000011608288,"w":500,"h":500,"nm":"Comp 1","ddd":0,"assets":[{"id":"image_0","w":1,"h":1,"u":"images/","p":"img_0.png","e":0},{"id":"comp_0","nm":"Desain 1 idle","layers":[{"ddd":0,"ind":1,"ty":4,"nm":"Shape Layer 1","parent":5,"sr":1,"ks":{"o":{"a":0,"k":100,"ix":11},"r":{"a":0,"k":0,"ix":10},"p":{"a":0,"k":[382.383,566,0],"ix":2,"l":2},"a":{"a":0,"k":[19,-3.192,0],"ix":1,"l":2},"s":{"a":0,"k":[100,100,100],"ix":6,"l":2}},"ao":0,"shapes":[{"ty":"gr","it":[{"ind":0,"ty":"sh","ix":1,"ks":{"a":0,"k":{"i":[[0,0],[-56,0.519]],"o":[[53.333,-0.494],[0,0]],"v":[[-89,-2.405],[127,-4.405]],"c":false},"ix":2},"nm":"Path 1","mn":"ADBE Vector Shape - Group","hd":false},{"ty":"st","c":{"a":0,"k":[0.8,0.666666666667,0,1],"ix":3},"o":{"a":0,"k":100,"ix":4},"w":{"a":0,"k":2,"ix":5},"lc":1,"lj":1,"ml":4,"bm":0,"nm":"Stroke 1","mn":"ADBE Vector Graphic - Stroke","hd":false},{"ty":"tr","p":{"a":0,"k":[5,-6],"ix":2},"a":{"a":0,"k":[20,-3],"ix":1},"s":{"a":0,"k":[100,100],"ix":3},"r":{"a":0,"k":0,"ix":6},"o":{"a":0,"k":100,"ix":7},"sk":{"a":0,"k":0,"ix":4},"sa":{"a":0,"k":0,"ix":5},"nm":"Transform"}],"nm":"Shape 1","np":3,"cix":2,"bm":0,"ix":1,"mn":"ADBE Vector Group","hd":false},{"ty":"st","c":{"a":0,"k":[0.8,0.666666666667,0,1],"ix":3},"o":{"a":0,"k":100,"ix":4},"w":{"a":0,"k":12,"ix":5},"lc":2,"lj":1,"ml":4,"bm":0,"nm":"Stroke 1","mn":"ADBE Vector Graphic - Stroke","hd":false},{"ty":"tm","s":{"a":1,"k":[{"i":{"x":[0.667],"y":[1]},"o":{"x":[0.333],"y":[0]},"t":0,"s":[0]},{"i":{"x":[0.667],"y":[1]},"o":{"x":[0.333],"y":[0]},"t":33,"s":[100]},{"i":{"x":[0.667],"y":[1]},"o":{"x":[0.333],"y":[0]},"t":65,"s":[0]},{"i":{"x":[0.667],"y":[1]},"o":{"x":[0.333],"y":[0]},"t":98,"s":[100]},{"t":128.000005213547,"s":[0]}],"ix":1},"e":{"a":0,"k":100,"ix":2},"o":{"a":0,"k":0,"ix":3},"m":1,"ix":3,"nm":"Trim Paths 1","mn":"ADBE Vector Filter - Trim","hd":false}],"ip":0,"op":210.000008553475,"st":0,"bm":0},{"ddd":0,"ind":2,"ty":0,"nm":"Animasi buletan","parent":5,"refId":"comp_1","sr":1,"ks":{"o":{"a":0,"k":100,"ix":11},"r":{"a":0,"k":0,"ix":10},"p":{"a":0,"k":[286.383,326.595,0],"ix":2,"l":2},"a":{"a":0,"k":[540,540,0],"ix":1,"l":2},"s":{"a":0,"k":[100,100,100],"ix":6,"l":2}},"ao":0,"w":1080,"h":1080,"ip":0,"op":210.000008553475,"st":0,"bm":0},{"ddd":0,"ind":3,"ty":4,"nm":"line kanan Outlines","parent":5,"sr":1,"ks":{"o":{"a":0,"k":100,"ix":11},"r":{"a":0,"k":0,"ix":10},"p":{"a":0,"k":[504.319,173.642,0],"ix":2,"l":2},"a":{"a":0,"k":[88.509,147.707,0],"ix":1,"l":2},"s":{"a":0,"k":[100,100,100],"ix":6,"l":2}},"ao":0,"ef":[{"ty":22,"nm":"Stroke","np":13,"mn":"ADBE Stroke","ix":1,"en":1,"ef":[{"ty":10,"nm":"Path","mn":"ADBE Stroke-0001","ix":1,"v":{"a":0,"k":0,"ix":1}},{"ty":7,"nm":"All Masks","mn":"ADBE Stroke-0010","ix":2,"v":{"a":0,"k":0,"ix":2}},{"ty":7,"nm":"Stroke Sequentially","mn":"ADBE Stroke-0011","ix":3,"v":{"a":0,"k":1,"ix":3}},{"ty":2,"nm":"Color","mn":"ADBE Stroke-0002","ix":4,"v":{"a":0,"k":[1,1,1,1],"ix":4}},{"ty":0,"nm":"Brush Size","mn":"ADBE Stroke-0003","ix":5,"v":{"a":0,"k":2,"ix":5}},{"ty":0,"nm":"Brush Hardness","mn":"ADBE Stroke-0004","ix":6,"v":{"a":0,"k":0.75,"ix":6}},{"ty":0,"nm":"Opacity","mn":"ADBE Stroke-0005","ix":7,"v":{"a":0,"k":1,"ix":7}},{"ty":0,"nm":"Start","mn":"ADBE Stroke-0008","ix":8,"v":{"a":0,"k":0,"ix":8}},{"ty":0,"nm":"End","mn":"ADBE Stroke-0009","ix":9,"v":{"a":0,"k":100,"ix":9}},{"ty":7,"nm":"Spacing","mn":"ADBE Stroke-0006","ix":10,"v":{"a":0,"k":15,"ix":10}},{"ty":7,"nm":"Paint Style","mn":"ADBE Stroke-0007","ix":11,"v":{"a":0,"k":1,"ix":11}}]}],"shapes":[{"ty":"gr","it":[{"ind":0,"ty":"sh","ix":1,"ks":{"a":0,"k":{"i":[[0,0],[3.292,-170.21]],"o":[[0,0],[0,0]],"v":[[-63.509,-122.707],[60.217,122.707]],"c":false},"ix":2},"nm":"Path 1","mn":"ADBE Vector Shape - Group","hd":false},{"ty":"st","c":{"a":0,"k":[0.800000059838,0.666666666667,0,1],"ix":3},"o":{"a":0,"k":100,"ix":4},"w":{"a":0,"k":10,"ix":5},"lc":2,"lj":2,"bm":0,"nm":"Stroke 1","mn":"ADBE Vector Graphic - Stroke","hd":false},{"ty":"tr","p":{"a":0,"k":[88.51,147.707],"ix":2},"a":{"a":0,"k":[0,0],"ix":1},"s":{"a":0,"k":[100,100],"ix":3},"r":{"a":0,"k":0,"ix":6},"o":{"a":0,"k":100,"ix":7},"sk":{"a":0,"k":0,"ix":4},"sa":{"a":0,"k":0,"ix":5},"nm":"Transform"}],"nm":"Group 1","np":2,"cix":2,"bm":0,"ix":1,"mn":"ADBE Vector Group","hd":false},{"ty":"tm","s":{"a":1,"k":[{"i":{"x":[0.667],"y":[1]},"o":{"x":[0.333],"y":[0]},"t":0,"s":[0]},{"i":{"x":[0.833],"y":[1]},"o":{"x":[0.167],"y":[0]},"t":27,"s":[100]},{"i":{"x":[0.667],"y":[1]},"o":{"x":[0.333],"y":[0]},"t":61,"s":[0]},{"i":{"x":[0.833],"y":[1]},"o":{"x":[0.167],"y":[0]},"t":95,"s":[100]},{"t":128.000005213547,"s":[0]}],"ix":1},"e":{"a":0,"k":100,"ix":2},"o":{"a":0,"k":0,"ix":3},"m":1,"ix":2,"nm":"Trim Paths 1","mn":"ADBE Vector Filter - Trim","hd":false}],"ip":0,"op":210.000008553475,"st":0,"bm":0},{"ddd":0,"ind":4,"ty":4,"nm":"line kiri Outlines","parent":5,"sr":1,"ks":{"o":{"a":0,"k":100,"ix":11},"r":{"a":0,"k":0,"ix":10},"p":{"a":0,"k":[-3.622,277.031,0],"ix":2,"l":2},"a":{"a":0,"k":[126.124,227.7,0],"ix":1,"l":2},"s":{"a":0,"k":[100,100,100],"ix":6,"l":2}},"ao":0,"ef":[{"ty":22,"nm":"Stroke","np":13,"mn":"ADBE Stroke","ix":1,"en":1,"ef":[{"ty":10,"nm":"Path","mn":"ADBE Stroke-0001","ix":1,"v":{"a":0,"k":0,"ix":1}},{"ty":7,"nm":"All Masks","mn":"ADBE Stroke-0010","ix":2,"v":{"a":0,"k":0,"ix":2}},{"ty":7,"nm":"Stroke Sequentially","mn":"ADBE Stroke-0011","ix":3,"v":{"a":0,"k":1,"ix":3}},{"ty":2,"nm":"Color","mn":"ADBE Stroke-0002","ix":4,"v":{"a":0,"k":[1,1,1,1],"ix":4}},{"ty":0,"nm":"Brush Size","mn":"ADBE Stroke-0003","ix":5,"v":{"a":0,"k":2,"ix":5}},{"ty":0,"nm":"Brush Hardness","mn":"ADBE Stroke-0004","ix":6,"v":{"a":0,"k":0.75,"ix":6}},{"ty":0,"nm":"Opacity","mn":"ADBE Stroke-0005","ix":7,"v":{"a":0,"k":1,"ix":7}},{"ty":0,"nm":"Start","mn":"ADBE Stroke-0008","ix":8,"v":{"a":0,"k":0,"ix":8}},{"ty":0,"nm":"End","mn":"ADBE Stroke-0009","ix":9,"v":{"a":0,"k":100,"ix":9}},{"ty":7,"nm":"Spacing","mn":"ADBE Stroke-0006","ix":10,"v":{"a":0,"k":15,"ix":10}},{"ty":7,"nm":"Paint Style","mn":"ADBE Stroke-0007","ix":11,"v":{"a":0,"k":1,"ix":11}}]}],"shapes":[{"ty":"gr","it":[{"ind":0,"ty":"sh","ix":1,"ks":{"a":0,"k":{"i":[[0,0],[-187.316,-218.926]],"o":[[0,0],[0,0]],"v":[[101.124,-202.7],[86.191,202.7]],"c":false},"ix":2},"nm":"Path 1","mn":"ADBE Vector Shape - Group","hd":false},{"ty":"st","c":{"a":0,"k":[0.800000059838,0.666666666667,0,1],"ix":3},"o":{"a":0,"k":100,"ix":4},"w":{"a":0,"k":10,"ix":5},"lc":2,"lj":2,"bm":0,"nm":"Stroke 1","mn":"ADBE Vector Graphic - Stroke","hd":false},{"ty":"tr","p":{"a":0,"k":[126.124,227.7],"ix":2},"a":{"a":0,"k":[0,0],"ix":1},"s":{"a":0,"k":[100,100],"ix":3},"r":{"a":0,"k":0,"ix":6},"o":{"a":0,"k":100,"ix":7},"sk":{"a":0,"k":0,"ix":4},"sa":{"a":0,"k":0,"ix":5},"nm":"Transform"}],"nm":"Group 1","np":2,"cix":2,"bm":0,"ix":1,"mn":"ADBE Vector Group","hd":false},{"ty":"tm","s":{"a":1,"k":[{"i":{"x":[0.667],"y":[1]},"o":{"x":[0.333],"y":[0]},"t":0,"s":[0]},{"i":{"x":[0.833],"y":[1]},"o":{"x":[0.333],"y":[0]},"t":30,"s":[100]},{"i":{"x":[0.667],"y":[1]},"o":{"x":[0.167],"y":[0]},"t":64,"s":[0]},{"i":{"x":[0.833],"y":[1]},"o":{"x":[0.333],"y":[0]},"t":96,"s":[100]},{"t":129.000005254278,"s":[0]}],"ix":1},"e":{"a":0,"k":100,"ix":2},"o":{"a":0,"k":0,"ix":3},"m":1,"ix":2,"nm":"Trim Paths 1","mn":"ADBE Vector Filter - Trim","hd":false}],"ip":0,"op":210.000008553475,"st":0,"bm":0},{"ddd":0,"ind":5,"ty":4,"nm":"bubble","sr":1,"ks":{"o":{"a":0,"k":100,"ix":11},"r":{"a":1,"k":[{"i":{"x":[0.667],"y":[1]},"o":{"x":[0.333],"y":[0]},"t":7,"s":[0]},{"i":{"x":[0.667],"y":[1]},"o":{"x":[0.333],"y":[0]},"t":29,"s":[4]},{"i":{"x":[0.667],"y":[1]},"o":{"x":[0.167],"y":[0]},"t":59,"s":[0]},{"i":{"x":[0.833],"y":[1]},"o":{"x":[0.333],"y":[0]},"t":92,"s":[4]},{"t":123.000005009893,"s":[0]}],"ix":10},"p":{"a":0,"k":[787.017,735.935,0],"ix":2,"l":2},"a":{"a":0,"k":[533.4,522.53,0],"ix":1,"l":2},"s":{"a":0,"k":[100,100,100],"ix":6,"l":2}},"ao":0,"shapes":[{"ty":"gr","it":[{"ind":0,"ty":"sh","ix":1,"ks":{"a":0,"k":{"i":[[20.875,13.627],[0,0],[-11.441,21.894],[0,46.854],[152.718,2.772],[-2.879,-158.604],[-153.381,0],[-5.005,0.265],[0,0]],"o":[[0,0],[-20.686,-13.504],[20.292,-38.836],[0,-153.38],[-158.605,-2.879],[2.772,152.719],[5.071,0],[0,0],[24.929,0]],"v":[[296.275,235.812],[231.68,193.646],[215.638,131.275],[247.41,1.416],[-28.256,-279.401],[-314.271,6.614],[-33.454,282.28],[-18.34,281.873],[282.572,281.873]],"c":true},"ix":2},"nm":"Path 1","mn":"ADBE Vector Shape - Group","hd":false},{"ty":"fl","c":{"a":0,"k":[1,0.866666726505,0.082352941176,1],"ix":4},"o":{"a":0,"k":100,"ix":5},"r":1,"bm":0,"nm":"Fill 1","mn":"ADBE Vector Graphic - Fill","hd":false},{"ty":"tr","p":{"a":0,"k":[317.4,282.53],"ix":2},"a":{"a":0,"k":[0,0],"ix":1},"s":{"a":0,"k":[100,100],"ix":3},"r":{"a":0,"k":0,"ix":6},"o":{"a":0,"k":100,"ix":7},"sk":{"a":0,"k":0,"ix":4},"sa":{"a":0,"k":0,"ix":5},"nm":"Transform"}],"nm":"Group 1","np":2,"cix":2,"bm":0,"ix":1,"mn":"ADBE Vector Group","hd":false}],"ip":0,"op":210.000008553475,"st":0,"bm":0}]},{"id":"comp_1","nm":"Animasi buletan","layers":[{"ddd":0,"ind":1,"ty":4,"nm":"buletan 3 Outlines","sr":1,"ks":{"o":{"a":0,"k":100,"ix":11},"r":{"a":0,"k":0,"ix":10},"p":{"a":1,"k":[{"i":{"x":0.667,"y":1},"o":{"x":0.167,"y":0},"t":13,"s":[657.964,500.954,0],"to":[0,-3.333,0],"ti":[0,3.333,0]},{"i":{"x":0.667,"y":0.667},"o":{"x":0.167,"y":0.167},"t":22,"s":[657.964,480.954,0],"to":[0,0,0],"ti":[0,0,0]},{"i":{"x":0.667,"y":1},"o":{"x":0.167,"y":0},"t":26,"s":[657.964,480.954,0],"to":[0,3.333,0],"ti":[0,-3.333,0]},{"i":{"x":0.667,"y":0.667},"o":{"x":0.167,"y":0.167},"t":37,"s":[657.964,500.954,0],"to":[0,0,0],"ti":[0,0,0]},{"i":{"x":0.667,"y":1},"o":{"x":0.167,"y":0},"t":41,"s":[657.964,500.954,0],"to":[0,-3.333,0],"ti":[0,3.333,0]},{"i":{"x":0.667,"y":0.667},"o":{"x":0.167,"y":0.167},"t":50,"s":[657.964,480.954,0],"to":[0,0,0],"ti":[0,0,0]},{"i":{"x":0.667,"y":1},"o":{"x":0.167,"y":0},"t":54,"s":[657.964,480.954,0],"to":[0,3.333,0],"ti":[0,-3.333,0]},{"i":{"x":0.667,"y":0.667},"o":{"x":0.167,"y":0.167},"t":66,"s":[657.964,500.954,0],"to":[0,0,0],"ti":[0,0,0]},{"i":{"x":0.667,"y":1},"o":{"x":0.167,"y":0},"t":70,"s":[657.964,500.954,0],"to":[0,-3.333,0],"ti":[0,3.333,0]},{"i":{"x":0.667,"y":0.667},"o":{"x":0.167,"y":0.167},"t":82,"s":[657.964,480.954,0],"to":[0,0,0],"ti":[0,0,0]},{"i":{"x":0.667,"y":1},"o":{"x":0.167,"y":0},"t":86,"s":[657.964,480.954,0],"to":[0,3.333,0],"ti":[0,-3.333,0]},{"i":{"x":0.667,"y":0.667},"o":{"x":0.167,"y":0.167},"t":98,"s":[657.964,500.954,0],"to":[0,0,0],"ti":[0,0,0]},{"i":{"x":0.667,"y":1},"o":{"x":0.167,"y":0},"t":102,"s":[657.964,500.954,0],"to":[0,-3.333,0],"ti":[0,3.333,0]},{"i":{"x":0.667,"y":0.667},"o":{"x":0.167,"y":0.167},"t":114,"s":[657.964,480.954,0],"to":[0,0,0],"ti":[0,0,0]},{"i":{"x":0.667,"y":1},"o":{"x":0.167,"y":0},"t":117,"s":[657.964,480.954,0],"to":[0,3.333,0],"ti":[0,-3.333,0]},{"t":128.000005213547,"s":[657.964,500.954,0]}],"ix":2,"l":2},"a":{"a":0,"k":[33.636,33.635,0],"ix":1,"l":2},"s":{"a":0,"k":[100,100,100],"ix":6,"l":2}},"ao":0,"shapes":[{"ty":"gr","it":[{"ind":0,"ty":"sh","ix":1,"ks":{"a":0,"k":{"i":[[0,-18.438],[18.438,0],[0,18.438],[-18.438,0]],"o":[[0,18.438],[-18.438,0],[0,-18.438],[18.438,0]],"v":[[33.386,0],[0.001,33.385],[-33.386,0],[0.001,-33.385]],"c":true},"ix":2},"nm":"Path 1","mn":"ADBE Vector Shape - Group","hd":false},{"ty":"fl","c":{"a":0,"k":[0,0,0,1],"ix":4},"o":{"a":0,"k":100,"ix":5},"r":1,"bm":0,"nm":"Fill 1","mn":"ADBE Vector Graphic - Fill","hd":false},{"ty":"tr","p":{"a":0,"k":[33.635,33.635],"ix":2},"a":{"a":0,"k":[0,0],"ix":1},"s":{"a":0,"k":[100,100],"ix":3},"r":{"a":0,"k":0,"ix":6},"o":{"a":0,"k":100,"ix":7},"sk":{"a":0,"k":0,"ix":4},"sa":{"a":0,"k":0,"ix":5},"nm":"Transform"}],"nm":"Group 1","np":2,"cix":2,"bm":0,"ix":1,"mn":"ADBE Vector Group","hd":false}],"ip":0,"op":240.0000097754,"st":30.0000012219251,"bm":0},{"ddd":0,"ind":2,"ty":4,"nm":"buletan 2 Outlines","sr":1,"ks":{"o":{"a":0,"k":100,"ix":11},"r":{"a":0,"k":0,"ix":10},"p":{"a":1,"k":[{"i":{"x":0.833,"y":1},"o":{"x":0.167,"y":0},"t":7,"s":[546.405,500.954,0],"to":[0,-3.333,0],"ti":[0,3.333,0]},{"i":{"x":0.833,"y":0.833},"o":{"x":0.333,"y":0.333},"t":18,"s":[546.405,480.954,0],"to":[0,0,0],"ti":[0,0,0]},{"i":{"x":0.833,"y":1},"o":{"x":0.167,"y":0},"t":22,"s":[546.405,480.954,0],"to":[0,3.333,0],"ti":[0,-3.333,0]},{"i":{"x":0.833,"y":0.833},"o":{"x":0.167,"y":0.167},"t":33,"s":[546.405,500.954,0],"to":[0,0,0],"ti":[0,0,0]},{"i":{"x":0.833,"y":1},"o":{"x":0.167,"y":0},"t":37,"s":[546.405,500.954,0],"to":[0,-3.333,0],"ti":[0,3.333,0]},{"i":{"x":0.833,"y":0.833},"o":{"x":0.167,"y":0.167},"t":47,"s":[546.405,480.954,0],"to":[0,0,0],"ti":[0,0,0]},{"i":{"x":0.833,"y":1},"o":{"x":0.167,"y":0},"t":51,"s":[546.405,480.954,0],"to":[0,3.333,0],"ti":[0,-3.333,0]},{"i":{"x":0.833,"y":0.833},"o":{"x":0.167,"y":0.167},"t":63,"s":[546.405,500.954,0],"to":[0,0,0],"ti":[0,0,0]},{"i":{"x":0.833,"y":1},"o":{"x":0.167,"y":0},"t":67,"s":[546.405,500.954,0],"to":[0,-3.333,0],"ti":[0,3.333,0]},{"i":{"x":0.833,"y":0.833},"o":{"x":0.167,"y":0.167},"t":79,"s":[546.405,480.954,0],"to":[0,0,0],"ti":[0,0,0]},{"i":{"x":0.833,"y":1},"o":{"x":0.167,"y":0},"t":83,"s":[546.405,480.954,0],"to":[0,3.333,0],"ti":[0,-3.333,0]},{"i":{"x":0.833,"y":0.833},"o":{"x":0.167,"y":0.167},"t":95,"s":[546.405,500.954,0],"to":[0,0,0],"ti":[0,0,0]},{"i":{"x":0.833,"y":1},"o":{"x":0.167,"y":0},"t":99,"s":[546.405,500.954,0],"to":[0,-3.333,0],"ti":[0,3.333,0]},{"i":{"x":0.833,"y":0.833},"o":{"x":0.167,"y":0.167},"t":111,"s":[546.405,480.954,0],"to":[0,0,0],"ti":[0,0,0]},{"i":{"x":0.833,"y":1},"o":{"x":0.167,"y":0},"t":114,"s":[546.405,480.954,0],"to":[0,3.333,0],"ti":[0,-3.333,0]},{"t":124.000005050624,"s":[546.405,500.954,0]}],"ix":2,"l":2},"a":{"a":0,"k":[33.636,33.635,0],"ix":1,"l":2},"s":{"a":0,"k":[100,100,100],"ix":6,"l":2}},"ao":0,"shapes":[{"ty":"gr","it":[{"ind":0,"ty":"sh","ix":1,"ks":{"a":0,"k":{"i":[[0,-18.438],[18.438,0],[0,18.438],[-18.438,0]],"o":[[0,18.438],[-18.438,0],[0,-18.438],[18.438,0]],"v":[[33.386,0],[0.001,33.385],[-33.386,0],[0.001,-33.385]],"c":true},"ix":2},"nm":"Path 1","mn":"ADBE Vector Shape - Group","hd":false},{"ty":"fl","c":{"a":0,"k":[0,0,0,1],"ix":4},"o":{"a":0,"k":100,"ix":5},"r":1,"bm":0,"nm":"Fill 1","mn":"ADBE Vector Graphic - Fill","hd":false},{"ty":"tr","p":{"a":0,"k":[33.635,33.635],"ix":2},"a":{"a":0,"k":[0,0],"ix":1},"s":{"a":0,"k":[100,100],"ix":3},"r":{"a":0,"k":0,"ix":6},"o":{"a":0,"k":100,"ix":7},"sk":{"a":0,"k":0,"ix":4},"sa":{"a":0,"k":0,"ix":5},"nm":"Transform"}],"nm":"Group 1","np":2,"cix":2,"bm":0,"ix":1,"mn":"ADBE Vector Group","hd":false}],"ip":0,"op":224.000009123707,"st":14.0000005702317,"bm":0},{"ddd":0,"ind":3,"ty":4,"nm":"buletan 1 Outlines","sr":1,"ks":{"o":{"a":0,"k":100,"ix":11},"r":{"a":0,"k":0,"ix":10},"p":{"a":1,"k":[{"i":{"x":0.833,"y":1},"o":{"x":0.167,"y":0},"t":1,"s":[438.998,500.954,0],"to":[0,-3.333,0],"ti":[0,3.333,0]},{"i":{"x":0.833,"y":0.833},"o":{"x":0.167,"y":0.167},"t":12,"s":[438.998,480.954,0],"to":[0,0,0],"ti":[0,0,0]},{"i":{"x":0.833,"y":1},"o":{"x":0.167,"y":0},"t":17,"s":[438.998,480.954,0],"to":[0,3.333,0],"ti":[0,-3.333,0]},{"i":{"x":0.833,"y":0.833},"o":{"x":0.167,"y":0.167},"t":28,"s":[438.998,500.954,0],"to":[0,0,0],"ti":[0,0,0]},{"i":{"x":0.833,"y":1},"o":{"x":0.167,"y":0},"t":33,"s":[438.998,500.954,0],"to":[0,-3.333,0],"ti":[0,3.333,0]},{"i":{"x":0.833,"y":0.833},"o":{"x":0.167,"y":0.167},"t":44,"s":[438.998,480.954,0],"to":[0,0,0],"ti":[0,0,0]},{"i":{"x":0.833,"y":1},"o":{"x":0.167,"y":0},"t":49,"s":[438.998,480.954,0],"to":[0,3.333,0],"ti":[0,-3.333,0]},{"i":{"x":0.833,"y":0.833},"o":{"x":0.167,"y":0.167},"t":60,"s":[438.998,500.954,0],"to":[0,0,0],"ti":[0,0,0]},{"i":{"x":0.833,"y":1},"o":{"x":0.167,"y":0},"t":64,"s":[438.998,500.954,0],"to":[0,-3.333,0],"ti":[0,3.333,0]},{"i":{"x":0.833,"y":0.833},"o":{"x":0.167,"y":0.167},"t":76,"s":[438.998,480.954,0],"to":[0,0,0],"ti":[0,0,0]},{"i":{"x":0.833,"y":1},"o":{"x":0.167,"y":0},"t":80,"s":[438.998,480.954,0],"to":[0,3.333,0],"ti":[0,-3.333,0]},{"i":{"x":0.833,"y":0.833},"o":{"x":0.167,"y":0.167},"t":91,"s":[438.998,500.954,0],"to":[0,0,0],"ti":[0,0,0]},{"i":{"x":0.833,"y":1},"o":{"x":0.167,"y":0},"t":95,"s":[438.998,500.954,0],"to":[0,-3.333,0],"ti":[0,3.333,0]},{"i":{"x":0.833,"y":0.833},"o":{"x":0.167,"y":0.167},"t":107,"s":[438.998,480.954,0],"to":[0,0,0],"ti":[0,0,0]},{"i":{"x":0.833,"y":1},"o":{"x":0.167,"y":0},"t":110,"s":[438.998,480.954,0],"to":[0,3.333,0],"ti":[0,-3.333,0]},{"t":121.000004928431,"s":[438.998,500.954,0]}],"ix":2,"l":2},"a":{"a":0,"k":[33.635,33.635,0],"ix":1,"l":2},"s":{"a":0,"k":[100,100,100],"ix":6,"l":2}},"ao":0,"shapes":[{"ty":"gr","it":[{"ind":0,"ty":"sh","ix":1,"ks":{"a":0,"k":{"i":[[0,-18.438],[18.438,0],[0,18.438],[-18.438,0]],"o":[[0,18.438],[-18.438,0],[0,-18.438],[18.438,0]],"v":[[33.386,0],[0.001,33.385],[-33.386,0],[0.001,-33.385]],"c":true},"ix":2},"nm":"Path 1","mn":"ADBE Vector Shape - Group","hd":false},{"ty":"fl","c":{"a":0,"k":[0,0,0,1],"ix":4},"o":{"a":0,"k":100,"ix":5},"r":1,"bm":0,"nm":"Fill 1","mn":"ADBE Vector Graphic - Fill","hd":false},{"ty":"tr","p":{"a":0,"k":[33.635,33.635],"ix":2},"a":{"a":0,"k":[0,0],"ix":1},"s":{"a":0,"k":[100,100],"ix":3},"r":{"a":0,"k":0,"ix":6},"o":{"a":0,"k":100,"ix":7},"sk":{"a":0,"k":0,"ix":4},"sa":{"a":0,"k":0,"ix":5},"nm":"Transform"}],"nm":"Group 1","np":2,"cix":2,"bm":0,"ix":1,"mn":"ADBE Vector Group","hd":false}],"ip":0,"op":210.000008553475,"st":0,"bm":0}]},{"id":"comp_2","nm":"Desain 2 hover over","layers":[{"ddd":0,"ind":2,"ty":4,"nm":"shape  mulut Outlines","sr":1,"ks":{"o":{"a":0,"k":100,"ix":11},"r":{"a":0,"k":0,"ix":10},"p":{"a":0,"k":[555.271,696.861,0],"ix":2,"l":2},"a":{"a":0,"k":[66.105,40.113,0],"ix":1,"l":2},"s":{"a":1,"k":[{"i":{"x":[0.126,0.126,0.667],"y":[1,1,1]},"o":{"x":[0.855,0.855,0.333],"y":[0,0,0]},"t":6,"s":[0,0,100]},{"i":{"x":[0.833,0.833,0.833],"y":[1,1,1]},"o":{"x":[0.167,0.167,0.167],"y":[0,0,0]},"t":11,"s":[100,100,100]},{"i":{"x":[0.57,0.57,0.57],"y":[1,1,1]},"o":{"x":[0.175,0.175,0.175],"y":[0,0,0]},"t":29,"s":[100,100,100]},{"i":{"x":[0.839,0.839,0.839],"y":[1,1,1]},"o":{"x":[0.397,0.397,0.397],"y":[0,0,0]},"t":34,"s":[100,56,100]},{"i":{"x":[0.833,0.833,0.833],"y":[1,1,1]},"o":{"x":[0.167,0.167,0.167],"y":[0,0,0]},"t":39,"s":[100,100,100]},{"i":{"x":[0.57,0.57,0.57],"y":[1,1,1]},"o":{"x":[0.175,0.175,0.175],"y":[0,0,0]},"t":54,"s":[100,100,100]},{"i":{"x":[0.839,0.839,0.839],"y":[1,1,1]},"o":{"x":[0.397,0.397,0.397],"y":[0,0,0]},"t":59,"s":[100,56,100]},{"i":{"x":[0.833,0.833,0.833],"y":[1,1,1]},"o":{"x":[0.167,0.167,0.167],"y":[0,0,0]},"t":64,"s":[100,100,100]},{"i":{"x":[0.57,0.57,0.57],"y":[1,1,1]},"o":{"x":[0.175,0.175,0.175],"y":[0,0,0]},"t":81,"s":[100,100,100]},{"i":{"x":[0.839,0.839,0.839],"y":[1,1,1]},"o":{"x":[0.397,0.397,0.397],"y":[0,0,0]},"t":86,"s":[100,56,100]},{"i":{"x":[0.833,0.833,0.833],"y":[1,1,1]},"o":{"x":[0.167,0.167,0.167],"y":[0,0,0]},"t":91,"s":[100,100,100]},{"i":{"x":[0.57,0.57,0.57],"y":[1,1,1]},"o":{"x":[0.175,0.175,0.175],"y":[0,0,0]},"t":111,"s":[100,100,100]},{"i":{"x":[0.839,0.839,0.839],"y":[1,1,1]},"o":{"x":[0.397,0.397,0.397],"y":[0,0,0]},"t":116,"s":[100,56,100]},{"i":{"x":[0.833,0.833,0.833],"y":[1,1,1]},"o":{"x":[0.167,0.167,0.167],"y":[0,0,0]},"t":121,"s":[100,100,100]},{"i":{"x":[0.833,0.833,0.833],"y":[1,1,1]},"o":{"x":[0.167,0.167,0.167],"y":[0,0,0]},"t":133,"s":[100,100,100]},{"t":137.000005580124,"s":[0,100,100]}],"ix":6,"l":2}},"ao":0,"shapes":[{"ty":"gr","it":[{"ind":0,"ty":"sh","ix":1,"ks":{"a":0,"k":{"i":[[-17.461,0],[0,0],[12.208,-12.209],[0,0],[7.61,7.3],[0,0]],"o":[[0,0],[17.265,0],[0,0],[-7.457,7.457],[0,0],[-12.601,-12.087]],"v":[[-39.839,-39.863],[39.944,-39.863],[53.647,-6.78],[14.586,32.28],[-12.532,32.563],[-53.254,-6.498]],"c":true},"ix":2},"nm":"Path 1","mn":"ADBE Vector Shape - Group","hd":false},{"ty":"fl","c":{"a":0,"k":[0,0,0,1],"ix":4},"o":{"a":0,"k":100,"ix":5},"r":1,"bm":0,"nm":"Fill 1","mn":"ADBE Vector Graphic - Fill","hd":false},{"ty":"tr","p":{"a":0,"k":[66.105,40.113],"ix":2},"a":{"a":0,"k":[0,0],"ix":1},"s":{"a":0,"k":[100,100],"ix":3},"r":{"a":0,"k":0,"ix":6},"o":{"a":0,"k":100,"ix":7},"sk":{"a":0,"k":0,"ix":4},"sa":{"a":0,"k":0,"ix":5},"nm":"Transform"}],"nm":"Group 1","np":2,"cix":2,"bm":0,"ix":1,"mn":"ADBE Vector Group","hd":false}],"ip":0,"op":210.000008553475,"st":0,"bm":0},{"ddd":0,"ind":3,"ty":4,"nm":"hitam bulat kanan 3 Outlines","sr":1,"ks":{"o":{"a":1,"k":[{"i":{"x":[0.667],"y":[1]},"o":{"x":[0.333],"y":[0]},"t":23,"s":[100]},{"i":{"x":[0.833],"y":[1]},"o":{"x":[0.333],"y":[0]},"t":27,"s":[0]},{"i":{"x":[0.833],"y":[1]},"o":{"x":[0.167],"y":[0]},"t":134,"s":[0]},{"t":137.000005580124,"s":[100]}],"ix":11},"r":{"a":0,"k":0,"ix":10},"p":{"a":1,"k":[{"i":{"x":0.342,"y":1},"o":{"x":0.616,"y":0},"t":0,"s":[552,590.6,0],"to":[0,16.667,0],"ti":[0,-16.667,0]},{"i":{"x":0.342,"y":0.342},"o":{"x":0.167,"y":0.167},"t":10,"s":[552,690.6,0],"to":[0,0,0],"ti":[0,0,0]},{"i":{"x":0.667,"y":1},"o":{"x":0.167,"y":0},"t":145,"s":[552,690.6,0],"to":[0,-16.667,0],"ti":[0,16.667,0]},{"t":152.000006191087,"s":[552,590.6,0]}],"ix":2,"l":2},"a":{"a":0,"k":[33.635,33.635,0],"ix":1,"l":2},"s":{"a":0,"k":[100,100,100],"ix":6,"l":2}},"ao":0,"shapes":[{"ty":"gr","it":[{"ind":0,"ty":"sh","ix":1,"ks":{"a":0,"k":{"i":[[0,-18.438],[18.438,0],[0,18.438],[-18.438,0]],"o":[[0,18.438],[-18.438,0],[0,-18.438],[18.438,0]],"v":[[33.386,0],[0.001,33.385],[-33.386,0],[0.001,-33.385]],"c":true},"ix":2},"nm":"Path 1","mn":"ADBE Vector Shape - Group","hd":false},{"ty":"fl","c":{"a":0,"k":[0,0,0,1],"ix":4},"o":{"a":0,"k":100,"ix":5},"r":1,"bm":0,"nm":"Fill 1","mn":"ADBE Vector Graphic - Fill","hd":false},{"ty":"tr","p":{"a":0,"k":[33.635,33.635],"ix":2},"a":{"a":0,"k":[0,0],"ix":1},"s":{"a":0,"k":[100,100],"ix":3},"r":{"a":0,"k":0,"ix":6},"o":{"a":0,"k":100,"ix":7},"sk":{"a":0,"k":0,"ix":4},"sa":{"a":0,"k":0,"ix":5},"nm":"Transform"}],"nm":"Group 1","np":2,"cix":2,"bm":0,"ix":1,"mn":"ADBE Vector Group","hd":false}],"ip":0,"op":210.000008553475,"st":0,"bm":0},{"ddd":0,"ind":4,"ty":4,"nm":"hitam bulat kanan 2 Outlines","sr":1,"ks":{"o":{"a":0,"k":100,"ix":11},"r":{"a":0,"k":0,"ix":10},"p":{"a":0,"k":[664,588.6,0],"ix":2,"l":2},"a":{"a":0,"k":[33.635,33.635,0],"ix":1,"l":2},"s":{"a":1,"k":[{"i":{"x":[0.667,0.667,0.667],"y":[1,1,1]},"o":{"x":[0.333,0.333,0.333],"y":[0,0,0]},"t":47,"s":[100,100,100]},{"i":{"x":[0.667,0.667,0.667],"y":[1,1,1]},"o":{"x":[0.333,0.333,0.333],"y":[0,0,0]},"t":52,"s":[100,0,100]},{"i":{"x":[0.667,0.667,0.667],"y":[1,1,1]},"o":{"x":[0.333,0.333,0.333],"y":[0,0,0]},"t":57,"s":[100,100,100]},{"i":{"x":[0.667,0.667,0.667],"y":[1,1,1]},"o":{"x":[0.333,0.333,0.333],"y":[0,0,0]},"t":95,"s":[100,100,100]},{"i":{"x":[0.667,0.667,0.667],"y":[1,1,1]},"o":{"x":[0.333,0.333,0.333],"y":[0,0,0]},"t":100,"s":[100,0,100]},{"t":105.000004276738,"s":[100,100,100]}],"ix":6,"l":2}},"ao":0,"shapes":[{"ty":"gr","it":[{"ind":0,"ty":"sh","ix":1,"ks":{"a":0,"k":{"i":[[0,-18.438],[18.438,0],[0,18.438],[-18.438,0]],"o":[[0,18.438],[-18.438,0],[0,-18.438],[18.438,0]],"v":[[33.386,0],[0.001,33.385],[-33.386,0],[0.001,-33.385]],"c":true},"ix":2},"nm":"Path 1","mn":"ADBE Vector Shape - Group","hd":false},{"ty":"fl","c":{"a":0,"k":[0,0,0,1],"ix":4},"o":{"a":0,"k":100,"ix":5},"r":1,"bm":0,"nm":"Fill 1","mn":"ADBE Vector Graphic - Fill","hd":false},{"ty":"tr","p":{"a":0,"k":[33.635,33.635],"ix":2},"a":{"a":0,"k":[0,0],"ix":1},"s":{"a":0,"k":[100,100],"ix":3},"r":{"a":0,"k":0,"ix":6},"o":{"a":0,"k":100,"ix":7},"sk":{"a":0,"k":0,"ix":4},"sa":{"a":0,"k":0,"ix":5},"nm":"Transform"}],"nm":"Group 1","np":2,"cix":2,"bm":0,"ix":1,"mn":"ADBE Vector Group","hd":false}],"ip":0,"op":210.000008553475,"st":0,"bm":0},{"ddd":0,"ind":5,"ty":4,"nm":"hitam bulat kiri Outlines","sr":1,"ks":{"o":{"a":0,"k":100,"ix":11},"r":{"a":0,"k":0,"ix":10},"p":{"a":0,"k":[444.806,590.6,0],"ix":2,"l":2},"a":{"a":0,"k":[33.635,33.635,0],"ix":1,"l":2},"s":{"a":1,"k":[{"i":{"x":[0.667,0.667,0.667],"y":[1,1,1]},"o":{"x":[0.333,0.333,0.333],"y":[0,0,0]},"t":47,"s":[100,100,100]},{"i":{"x":[0.667,0.667,0.667],"y":[1,1,1]},"o":{"x":[0.333,0.333,0.333],"y":[0,0,0]},"t":52,"s":[100,0,100]},{"i":{"x":[0.667,0.667,0.667],"y":[1,1,1]},"o":{"x":[0.333,0.333,0.333],"y":[0,0,0]},"t":57,"s":[100,100,100]},{"i":{"x":[0.667,0.667,0.667],"y":[1,1,1]},"o":{"x":[0.333,0.333,0.333],"y":[0,0,0]},"t":95,"s":[100,100,100]},{"i":{"x":[0.667,0.667,0.667],"y":[1,1,1]},"o":{"x":[0.333,0.333,0.333],"y":[0,0,0]},"t":100,"s":[100,0,100]},{"t":105.000004276738,"s":[100,100,100]}],"ix":6,"l":2}},"ao":0,"shapes":[{"ty":"gr","it":[{"ind":0,"ty":"sh","ix":1,"ks":{"a":0,"k":{"i":[[0,-18.438],[18.438,0],[0,18.438],[-18.438,0]],"o":[[0,18.438],[-18.438,0],[0,-18.438],[18.438,0]],"v":[[33.386,0],[0.001,33.385],[-33.386,0],[0.001,-33.385]],"c":true},"ix":2},"nm":"Path 1","mn":"ADBE Vector Shape - Group","hd":false},{"ty":"fl","c":{"a":0,"k":[0,0,0,1],"ix":4},"o":{"a":0,"k":100,"ix":5},"r":1,"bm":0,"nm":"Fill 1","mn":"ADBE Vector Graphic - Fill","hd":false},{"ty":"tr","p":{"a":0,"k":[33.635,33.635],"ix":2},"a":{"a":0,"k":[0,0],"ix":1},"s":{"a":0,"k":[100,100],"ix":3},"r":{"a":0,"k":0,"ix":6},"o":{"a":0,"k":100,"ix":7},"sk":{"a":0,"k":0,"ix":4},"sa":{"a":0,"k":0,"ix":5},"nm":"Transform"}],"nm":"Group 1","np":2,"cix":2,"bm":0,"ix":1,"mn":"ADBE Vector Group","hd":false}],"ip":0,"op":210.000008553475,"st":0,"bm":0},{"ddd":0,"ind":10,"ty":2,"nm":"Layer 7","refId":"image_0","sr":1,"ks":{"o":{"a":0,"k":100,"ix":11},"r":{"a":0,"k":0,"ix":10},"p":{"a":0,"k":[0,1080,0],"ix":2,"l":2},"a":{"a":0,"k":[0,0,0],"ix":1,"l":2},"s":{"a":0,"k":[100,100,100],"ix":6,"l":2}},"ao":0,"ip":0,"op":210.000008553475,"st":0,"bm":0},{"ddd":0,"ind":13,"ty":3,"nm":"Null 3","sr":1,"ks":{"o":{"a":0,"k":0,"ix":11},"r":{"a":0,"k":0,"ix":10},"p":{"a":0,"k":[579.701,588.351,0],"ix":2,"l":2},"a":{"a":0,"k":[50,50,0],"ix":1,"l":2},"s":{"a":0,"k":[100,100,100],"ix":6,"l":2}},"ao":0,"ip":0,"op":210.000008553475,"st":0,"bm":0},{"ddd":0,"ind":14,"ty":4,"nm":"Shape Layer 1","parent":17,"sr":1,"ks":{"o":{"a":0,"k":100,"ix":11},"r":{"a":0,"k":0,"ix":10},"p":{"a":0,"k":[382.383,566,0],"ix":2,"l":2},"a":{"a":0,"k":[19,-3.192,0],"ix":1,"l":2},"s":{"a":0,"k":[100,100,100],"ix":6,"l":2}},"ao":0,"shapes":[{"ty":"gr","it":[{"ind":0,"ty":"sh","ix":1,"ks":{"a":0,"k":{"i":[[0,0],[-56,0.519]],"o":[[53.333,-0.494],[0,0]],"v":[[-89,-2.405],[127,-4.405]],"c":false},"ix":2},"nm":"Path 1","mn":"ADBE Vector Shape - Group","hd":false},{"ty":"st","c":{"a":0,"k":[0.8,0.666666666667,0,1],"ix":3},"o":{"a":0,"k":100,"ix":4},"w":{"a":0,"k":2,"ix":5},"lc":1,"lj":1,"ml":4,"bm":0,"nm":"Stroke 1","mn":"ADBE Vector Graphic - Stroke","hd":false},{"ty":"tr","p":{"a":0,"k":[5,-6],"ix":2},"a":{"a":0,"k":[20,-3],"ix":1},"s":{"a":0,"k":[100,100],"ix":3},"r":{"a":0,"k":0,"ix":6},"o":{"a":0,"k":100,"ix":7},"sk":{"a":0,"k":0,"ix":4},"sa":{"a":0,"k":0,"ix":5},"nm":"Transform"}],"nm":"Shape 1","np":3,"cix":2,"bm":0,"ix":1,"mn":"ADBE Vector Group","hd":false},{"ty":"st","c":{"a":0,"k":[0.8,0.666666666667,0,1],"ix":3},"o":{"a":0,"k":100,"ix":4},"w":{"a":0,"k":12,"ix":5},"lc":2,"lj":1,"ml":4,"bm":0,"nm":"Stroke 1","mn":"ADBE Vector Graphic - Stroke","hd":false},{"ty":"tm","s":{"a":1,"k":[{"i":{"x":[0.667],"y":[1]},"o":{"x":[0.333],"y":[0]},"t":0,"s":[0]},{"i":{"x":[0.667],"y":[1]},"o":{"x":[0.333],"y":[0]},"t":33,"s":[100]},{"i":{"x":[0.667],"y":[1]},"o":{"x":[0.333],"y":[0]},"t":65,"s":[0]},{"i":{"x":[0.667],"y":[1]},"o":{"x":[0.333],"y":[0]},"t":98,"s":[100]},{"t":128.000005213547,"s":[0]}],"ix":1},"e":{"a":0,"k":100,"ix":2},"o":{"a":0,"k":0,"ix":3},"m":1,"ix":3,"nm":"Trim Paths 1","mn":"ADBE Vector Filter - Trim","hd":false}],"ip":0,"op":210.000008553475,"st":0,"bm":0},{"ddd":0,"ind":15,"ty":4,"nm":"line kanan Outlines","parent":17,"sr":1,"ks":{"o":{"a":0,"k":100,"ix":11},"r":{"a":0,"k":0,"ix":10},"p":{"a":0,"k":[504.319,173.642,0],"ix":2,"l":2},"a":{"a":0,"k":[88.509,147.707,0],"ix":1,"l":2},"s":{"a":0,"k":[100,100,100],"ix":6,"l":2}},"ao":0,"ef":[{"ty":22,"nm":"Stroke","np":13,"mn":"ADBE Stroke","ix":1,"en":1,"ef":[{"ty":10,"nm":"Path","mn":"ADBE Stroke-0001","ix":1,"v":{"a":0,"k":0,"ix":1}},{"ty":7,"nm":"All Masks","mn":"ADBE Stroke-0010","ix":2,"v":{"a":0,"k":0,"ix":2}},{"ty":7,"nm":"Stroke Sequentially","mn":"ADBE Stroke-0011","ix":3,"v":{"a":0,"k":1,"ix":3}},{"ty":2,"nm":"Color","mn":"ADBE Stroke-0002","ix":4,"v":{"a":0,"k":[1,1,1,1],"ix":4}},{"ty":0,"nm":"Brush Size","mn":"ADBE Stroke-0003","ix":5,"v":{"a":0,"k":2,"ix":5}},{"ty":0,"nm":"Brush Hardness","mn":"ADBE Stroke-0004","ix":6,"v":{"a":0,"k":0.75,"ix":6}},{"ty":0,"nm":"Opacity","mn":"ADBE Stroke-0005","ix":7,"v":{"a":0,"k":1,"ix":7}},{"ty":0,"nm":"Start","mn":"ADBE Stroke-0008","ix":8,"v":{"a":0,"k":0,"ix":8}},{"ty":0,"nm":"End","mn":"ADBE Stroke-0009","ix":9,"v":{"a":0,"k":100,"ix":9}},{"ty":7,"nm":"Spacing","mn":"ADBE Stroke-0006","ix":10,"v":{"a":0,"k":15,"ix":10}},{"ty":7,"nm":"Paint Style","mn":"ADBE Stroke-0007","ix":11,"v":{"a":0,"k":1,"ix":11}}]}],"shapes":[{"ty":"gr","it":[{"ind":0,"ty":"sh","ix":1,"ks":{"a":0,"k":{"i":[[0,0],[3.292,-170.21]],"o":[[0,0],[0,0]],"v":[[-63.509,-122.707],[60.217,122.707]],"c":false},"ix":2},"nm":"Path 1","mn":"ADBE Vector Shape - Group","hd":false},{"ty":"st","c":{"a":0,"k":[0.800000059838,0.666666666667,0,1],"ix":3},"o":{"a":0,"k":100,"ix":4},"w":{"a":0,"k":10,"ix":5},"lc":2,"lj":2,"bm":0,"nm":"Stroke 1","mn":"ADBE Vector Graphic - Stroke","hd":false},{"ty":"tr","p":{"a":0,"k":[88.51,147.707],"ix":2},"a":{"a":0,"k":[0,0],"ix":1},"s":{"a":0,"k":[100,100],"ix":3},"r":{"a":0,"k":0,"ix":6},"o":{"a":0,"k":100,"ix":7},"sk":{"a":0,"k":0,"ix":4},"sa":{"a":0,"k":0,"ix":5},"nm":"Transform"}],"nm":"Group 1","np":2,"cix":2,"bm":0,"ix":1,"mn":"ADBE Vector Group","hd":false},{"ty":"tm","s":{"a":1,"k":[{"i":{"x":[0.667],"y":[1]},"o":{"x":[0.333],"y":[0]},"t":0,"s":[0]},{"i":{"x":[0.833],"y":[1]},"o":{"x":[0.167],"y":[0]},"t":27,"s":[100]},{"i":{"x":[0.667],"y":[1]},"o":{"x":[0.333],"y":[0]},"t":61,"s":[0]},{"i":{"x":[0.833],"y":[1]},"o":{"x":[0.167],"y":[0]},"t":95,"s":[100]},{"t":128.000005213547,"s":[0]}],"ix":1},"e":{"a":0,"k":100,"ix":2},"o":{"a":0,"k":0,"ix":3},"m":1,"ix":2,"nm":"Trim Paths 1","mn":"ADBE Vector Filter - Trim","hd":false}],"ip":0,"op":210.000008553475,"st":0,"bm":0},{"ddd":0,"ind":16,"ty":4,"nm":"line kiri Outlines","parent":17,"sr":1,"ks":{"o":{"a":0,"k":100,"ix":11},"r":{"a":0,"k":0,"ix":10},"p":{"a":0,"k":[-3.622,277.031,0],"ix":2,"l":2},"a":{"a":0,"k":[126.124,227.7,0],"ix":1,"l":2},"s":{"a":0,"k":[100,100,100],"ix":6,"l":2}},"ao":0,"ef":[{"ty":22,"nm":"Stroke","np":13,"mn":"ADBE Stroke","ix":1,"en":1,"ef":[{"ty":10,"nm":"Path","mn":"ADBE Stroke-0001","ix":1,"v":{"a":0,"k":0,"ix":1}},{"ty":7,"nm":"All Masks","mn":"ADBE Stroke-0010","ix":2,"v":{"a":0,"k":0,"ix":2}},{"ty":7,"nm":"Stroke Sequentially","mn":"ADBE Stroke-0011","ix":3,"v":{"a":0,"k":1,"ix":3}},{"ty":2,"nm":"Color","mn":"ADBE Stroke-0002","ix":4,"v":{"a":0,"k":[1,1,1,1],"ix":4}},{"ty":0,"nm":"Brush Size","mn":"ADBE Stroke-0003","ix":5,"v":{"a":0,"k":2,"ix":5}},{"ty":0,"nm":"Brush Hardness","mn":"ADBE Stroke-0004","ix":6,"v":{"a":0,"k":0.75,"ix":6}},{"ty":0,"nm":"Opacity","mn":"ADBE Stroke-0005","ix":7,"v":{"a":0,"k":1,"ix":7}},{"ty":0,"nm":"Start","mn":"ADBE Stroke-0008","ix":8,"v":{"a":0,"k":0,"ix":8}},{"ty":0,"nm":"End","mn":"ADBE Stroke-0009","ix":9,"v":{"a":0,"k":100,"ix":9}},{"ty":7,"nm":"Spacing","mn":"ADBE Stroke-0006","ix":10,"v":{"a":0,"k":15,"ix":10}},{"ty":7,"nm":"Paint Style","mn":"ADBE Stroke-0007","ix":11,"v":{"a":0,"k":1,"ix":11}}]}],"shapes":[{"ty":"gr","it":[{"ind":0,"ty":"sh","ix":1,"ks":{"a":0,"k":{"i":[[0,0],[-187.316,-218.926]],"o":[[0,0],[0,0]],"v":[[101.124,-202.7],[86.191,202.7]],"c":false},"ix":2},"nm":"Path 1","mn":"ADBE Vector Shape - Group","hd":false},{"ty":"st","c":{"a":0,"k":[0.800000059838,0.666666666667,0,1],"ix":3},"o":{"a":0,"k":100,"ix":4},"w":{"a":0,"k":10,"ix":5},"lc":2,"lj":2,"bm":0,"nm":"Stroke 1","mn":"ADBE Vector Graphic - Stroke","hd":false},{"ty":"tr","p":{"a":0,"k":[126.124,227.7],"ix":2},"a":{"a":0,"k":[0,0],"ix":1},"s":{"a":0,"k":[100,100],"ix":3},"r":{"a":0,"k":0,"ix":6},"o":{"a":0,"k":100,"ix":7},"sk":{"a":0,"k":0,"ix":4},"sa":{"a":0,"k":0,"ix":5},"nm":"Transform"}],"nm":"Group 1","np":2,"cix":2,"bm":0,"ix":1,"mn":"ADBE Vector Group","hd":false},{"ty":"tm","s":{"a":1,"k":[{"i":{"x":[0.667],"y":[1]},"o":{"x":[0.333],"y":[0]},"t":0,"s":[0]},{"i":{"x":[0.833],"y":[1]},"o":{"x":[0.333],"y":[0]},"t":30,"s":[100]},{"i":{"x":[0.667],"y":[1]},"o":{"x":[0.167],"y":[0]},"t":64,"s":[0]},{"i":{"x":[0.833],"y":[1]},"o":{"x":[0.333],"y":[0]},"t":96,"s":[100]},{"t":129.000005254278,"s":[0]}],"ix":1},"e":{"a":0,"k":100,"ix":2},"o":{"a":0,"k":0,"ix":3},"m":1,"ix":2,"nm":"Trim Paths 1","mn":"ADBE Vector Filter - Trim","hd":false}],"ip":0,"op":210.000008553475,"st":0,"bm":0},{"ddd":0,"ind":17,"ty":4,"nm":"bubble","parent":13,"sr":1,"ks":{"o":{"a":0,"k":100,"ix":11},"r":{"a":0,"k":0,"ix":10},"p":{"a":0,"k":[269.316,288.584,0],"ix":2,"l":2},"a":{"a":0,"k":[533.4,522.53,0],"ix":1,"l":2},"s":{"a":0,"k":[100,100,100],"ix":6,"l":2}},"ao":0,"shapes":[{"ty":"gr","it":[{"ind":0,"ty":"sh","ix":1,"ks":{"a":0,"k":{"i":[[20.875,13.627],[0,0],[-11.441,21.894],[0,46.854],[152.718,2.772],[-2.879,-158.604],[-153.381,0],[-5.005,0.265],[0,0]],"o":[[0,0],[-20.686,-13.504],[20.292,-38.836],[0,-153.38],[-158.605,-2.879],[2.772,152.719],[5.071,0],[0,0],[24.929,0]],"v":[[296.275,235.812],[231.68,193.646],[215.638,131.275],[247.41,1.416],[-28.256,-279.401],[-314.271,6.614],[-33.454,282.28],[-18.34,281.873],[282.572,281.873]],"c":true},"ix":2},"nm":"Path 1","mn":"ADBE Vector Shape - Group","hd":false},{"ty":"fl","c":{"a":0,"k":[1,0.866666726505,0.082352941176,1],"ix":4},"o":{"a":0,"k":100,"ix":5},"r":1,"bm":0,"nm":"Fill 1","mn":"ADBE Vector Graphic - Fill","hd":false},{"ty":"tr","p":{"a":0,"k":[317.4,282.53],"ix":2},"a":{"a":0,"k":[0,0],"ix":1},"s":{"a":0,"k":[100,100],"ix":3},"r":{"a":0,"k":0,"ix":6},"o":{"a":0,"k":100,"ix":7},"sk":{"a":0,"k":0,"ix":4},"sa":{"a":0,"k":0,"ix":5},"nm":"Transform"}],"nm":"Group 1","np":2,"cix":2,"bm":0,"ix":1,"mn":"ADBE Vector Group","hd":false}],"ip":0,"op":210.000008553475,"st":0,"bm":0},{"ddd":0,"ind":18,"ty":4,"nm":"balon 6 Outlines","sr":1,"ks":{"o":{"a":1,"k":[{"i":{"x":[0.667],"y":[1]},"o":{"x":[0.333],"y":[0]},"t":134,"s":[100]},{"t":142.000005783779,"s":[0]}],"ix":11},"r":{"a":0,"k":0,"ix":10},"p":{"a":1,"k":[{"i":{"x":0.667,"y":1},"o":{"x":0.333,"y":0},"t":113,"s":[586.558,444.414,0],"to":[20.819,-42,0],"ti":[-20.819,42,0]},{"t":139.000005661586,"s":[711.469,192.414,0]}],"ix":2,"l":2},"a":{"a":0,"k":[84.326,79.162,0],"ix":1,"l":2},"s":{"a":0,"k":[100,100,100],"ix":6,"l":2}},"ao":0,"shapes":[{"ty":"gr","it":[{"ind":0,"ty":"sh","ix":1,"ks":{"a":0,"k":{"i":[[-13.852,2.826],[-4.477,4.484],[0,26.966],[-46.434,0],[0,-42.922],[46.435,0],[8.915,2.975],[0.682,-0.39]],"o":[[5.697,-1.162],[-22.559,-13.938],[0,-42.922],[46.435,0],[0,42.923],[-10.024,0],[-0.453,0.494],[-9.892,5.652]],"v":[[-62.31,73.26],[-46.658,63.463],[-84.077,-1.195],[0,-78.912],[84.077,-1.195],[0,76.523],[-28.551,71.924],[-30.237,73.26]],"c":true},"ix":2},"nm":"Path 1","mn":"ADBE Vector Shape - Group","hd":false},{"ty":"fl","c":{"a":0,"k":[0.968627510819,0.627450980392,0.537254901961,1],"ix":4},"o":{"a":0,"k":100,"ix":5},"r":1,"bm":0,"nm":"Fill 1","mn":"ADBE Vector Graphic - Fill","hd":false},{"ty":"tr","p":{"a":0,"k":[84.326,79.162],"ix":2},"a":{"a":0,"k":[0,0],"ix":1},"s":{"a":0,"k":[100,100],"ix":3},"r":{"a":0,"k":0,"ix":6},"o":{"a":0,"k":100,"ix":7},"sk":{"a":0,"k":0,"ix":4},"sa":{"a":0,"k":0,"ix":5},"nm":"Transform"}],"nm":"Group 1","np":2,"cix":2,"bm":0,"ix":1,"mn":"ADBE Vector Group","hd":false}],"ip":113.000004602584,"op":323.00001315606,"st":113.000004602584,"bm":0},{"ddd":0,"ind":19,"ty":4,"nm":"balon 4 Outlines","sr":1,"ks":{"o":{"a":1,"k":[{"i":{"x":[0.667],"y":[1]},"o":{"x":[0.333],"y":[0]},"t":82,"s":[100]},{"t":90.0000036657751,"s":[0]}],"ix":11},"r":{"a":0,"k":0,"ix":10},"p":{"a":1,"k":[{"i":{"x":0.667,"y":1},"o":{"x":0.333,"y":0},"t":61,"s":[586.558,444.414,0],"to":[20.819,-42,0],"ti":[-20.819,42,0]},{"t":87.0000035435826,"s":[711.469,192.414,0]}],"ix":2,"l":2},"a":{"a":0,"k":[84.326,79.162,0],"ix":1,"l":2},"s":{"a":0,"k":[100,100,100],"ix":6,"l":2}},"ao":0,"shapes":[{"ty":"gr","it":[{"ind":0,"ty":"sh","ix":1,"ks":{"a":0,"k":{"i":[[-13.852,2.826],[-4.477,4.484],[0,26.966],[-46.434,0],[0,-42.922],[46.435,0],[8.915,2.975],[0.682,-0.39]],"o":[[5.697,-1.162],[-22.559,-13.938],[0,-42.922],[46.435,0],[0,42.923],[-10.024,0],[-0.453,0.494],[-9.892,5.652]],"v":[[-62.31,73.26],[-46.658,63.463],[-84.077,-1.195],[0,-78.912],[84.077,-1.195],[0,76.523],[-28.551,71.924],[-30.237,73.26]],"c":true},"ix":2},"nm":"Path 1","mn":"ADBE Vector Shape - Group","hd":false},{"ty":"fl","c":{"a":0,"k":[0.968627510819,0.627450980392,0.537254901961,1],"ix":4},"o":{"a":0,"k":100,"ix":5},"r":1,"bm":0,"nm":"Fill 1","mn":"ADBE Vector Graphic - Fill","hd":false},{"ty":"tr","p":{"a":0,"k":[84.326,79.162],"ix":2},"a":{"a":0,"k":[0,0],"ix":1},"s":{"a":0,"k":[100,100],"ix":3},"r":{"a":0,"k":0,"ix":6},"o":{"a":0,"k":100,"ix":7},"sk":{"a":0,"k":0,"ix":4},"sa":{"a":0,"k":0,"ix":5},"nm":"Transform"}],"nm":"Group 1","np":2,"cix":2,"bm":0,"ix":1,"mn":"ADBE Vector Group","hd":false}],"ip":61.0000024845809,"op":271.000011038056,"st":61.0000024845809,"bm":0},{"ddd":0,"ind":20,"ty":4,"nm":"balon 5 Outlines","sr":1,"ks":{"o":{"a":1,"k":[{"i":{"x":[0.667],"y":[1]},"o":{"x":[0.333],"y":[0]},"t":117,"s":[100]},{"t":124.000005050624,"s":[0]}],"ix":11},"r":{"a":0,"k":0,"ix":10},"p":{"a":1,"k":[{"i":{"x":0.667,"y":1},"o":{"x":0.333,"y":0},"t":95,"s":[501.885,484.314,0],"to":[-23.667,-40,0],"ti":[23.667,40,0]},{"t":121.000004928431,"s":[359.885,244.314,0]}],"ix":2,"l":2},"a":{"a":0,"k":[84.326,79.162,0],"ix":1,"l":2},"s":{"a":0,"k":[100,100,100],"ix":6,"l":2}},"ao":0,"shapes":[{"ty":"gr","it":[{"ind":0,"ty":"sh","ix":1,"ks":{"a":0,"k":{"i":[[13.852,2.826],[4.477,4.484],[0,26.966],[46.435,0],[0,-42.922],[-46.434,0],[-8.915,2.975],[-0.682,-0.39]],"o":[[-5.697,-1.162],[22.559,-13.938],[0,-42.922],[-46.434,0],[0,42.923],[10.025,0],[0.453,0.494],[9.892,5.652]],"v":[[62.311,73.26],[46.658,63.463],[84.076,-1.195],[-0.001,-78.912],[-84.076,-1.195],[-0.001,76.523],[28.551,71.924],[30.237,73.26]],"c":true},"ix":2},"nm":"Path 1","mn":"ADBE Vector Shape - Group","hd":false},{"ty":"fl","c":{"a":0,"k":[0.917647118662,0.462745127958,0.415686304429,1],"ix":4},"o":{"a":0,"k":100,"ix":5},"r":1,"bm":0,"nm":"Fill 1","mn":"ADBE Vector Graphic - Fill","hd":false},{"ty":"tr","p":{"a":0,"k":[84.327,79.162],"ix":2},"a":{"a":0,"k":[0,0],"ix":1},"s":{"a":0,"k":[100,100],"ix":3},"r":{"a":0,"k":0,"ix":6},"o":{"a":0,"k":100,"ix":7},"sk":{"a":0,"k":0,"ix":4},"sa":{"a":0,"k":0,"ix":5},"nm":"Transform"}],"nm":"Group 1","np":2,"cix":2,"bm":0,"ix":1,"mn":"ADBE Vector Group","hd":false}],"ip":95.0000038694293,"op":305.000012422905,"st":95.0000038694293,"bm":0},{"ddd":0,"ind":21,"ty":4,"nm":"balon 3 Outlines","sr":1,"ks":{"o":{"a":1,"k":[{"i":{"x":[0.667],"y":[1]},"o":{"x":[0.333],"y":[0]},"t":65,"s":[100]},{"t":72.0000029326201,"s":[0]}],"ix":11},"r":{"a":0,"k":0,"ix":10},"p":{"a":1,"k":[{"i":{"x":0.667,"y":1},"o":{"x":0.333,"y":0},"t":43,"s":[501.885,484.314,0],"to":[-23.667,-40,0],"ti":[23.667,40,0]},{"t":69.0000028104276,"s":[359.885,244.314,0]}],"ix":2,"l":2},"a":{"a":0,"k":[84.326,79.162,0],"ix":1,"l":2},"s":{"a":0,"k":[100,100,100],"ix":6,"l":2}},"ao":0,"shapes":[{"ty":"gr","it":[{"ind":0,"ty":"sh","ix":1,"ks":{"a":0,"k":{"i":[[13.852,2.826],[4.477,4.484],[0,26.966],[46.435,0],[0,-42.922],[-46.434,0],[-8.915,2.975],[-0.682,-0.39]],"o":[[-5.697,-1.162],[22.559,-13.938],[0,-42.922],[-46.434,0],[0,42.923],[10.025,0],[0.453,0.494],[9.892,5.652]],"v":[[62.311,73.26],[46.658,63.463],[84.076,-1.195],[-0.001,-78.912],[-84.076,-1.195],[-0.001,76.523],[28.551,71.924],[30.237,73.26]],"c":true},"ix":2},"nm":"Path 1","mn":"ADBE Vector Shape - Group","hd":false},{"ty":"fl","c":{"a":0,"k":[0.917647118662,0.462745127958,0.415686304429,1],"ix":4},"o":{"a":0,"k":100,"ix":5},"r":1,"bm":0,"nm":"Fill 1","mn":"ADBE Vector Graphic - Fill","hd":false},{"ty":"tr","p":{"a":0,"k":[84.327,79.162],"ix":2},"a":{"a":0,"k":[0,0],"ix":1},"s":{"a":0,"k":[100,100],"ix":3},"r":{"a":0,"k":0,"ix":6},"o":{"a":0,"k":100,"ix":7},"sk":{"a":0,"k":0,"ix":4},"sa":{"a":0,"k":0,"ix":5},"nm":"Transform"}],"nm":"Group 1","np":2,"cix":2,"bm":0,"ix":1,"mn":"ADBE Vector Group","hd":false}],"ip":43.0000017514259,"op":253.000010304901,"st":43.0000017514259,"bm":0},{"ddd":0,"ind":22,"ty":4,"nm":"balon 2 Outlines","sr":1,"ks":{"o":{"a":1,"k":[{"i":{"x":[0.667],"y":[1]},"o":{"x":[0.333],"y":[0]},"t":33,"s":[100]},{"t":41.0000016699642,"s":[0]}],"ix":11},"r":{"a":0,"k":0,"ix":10},"p":{"a":1,"k":[{"i":{"x":0.667,"y":1},"o":{"x":0.333,"y":0},"t":12,"s":[586.558,444.414,0],"to":[20.819,-42,0],"ti":[-20.819,42,0]},{"t":38.0000015477717,"s":[711.469,192.414,0]}],"ix":2,"l":2},"a":{"a":0,"k":[84.326,79.162,0],"ix":1,"l":2},"s":{"a":0,"k":[100,100,100],"ix":6,"l":2}},"ao":0,"shapes":[{"ty":"gr","it":[{"ind":0,"ty":"sh","ix":1,"ks":{"a":0,"k":{"i":[[-13.852,2.826],[-4.477,4.484],[0,26.966],[-46.434,0],[0,-42.922],[46.435,0],[8.915,2.975],[0.682,-0.39]],"o":[[5.697,-1.162],[-22.559,-13.938],[0,-42.922],[46.435,0],[0,42.923],[-10.024,0],[-0.453,0.494],[-9.892,5.652]],"v":[[-62.31,73.26],[-46.658,63.463],[-84.077,-1.195],[0,-78.912],[84.077,-1.195],[0,76.523],[-28.551,71.924],[-30.237,73.26]],"c":true},"ix":2},"nm":"Path 1","mn":"ADBE Vector Shape - Group","hd":false},{"ty":"fl","c":{"a":0,"k":[0.968627510819,0.627450980392,0.537254901961,1],"ix":4},"o":{"a":0,"k":100,"ix":5},"r":1,"bm":0,"nm":"Fill 1","mn":"ADBE Vector Graphic - Fill","hd":false},{"ty":"tr","p":{"a":0,"k":[84.326,79.162],"ix":2},"a":{"a":0,"k":[0,0],"ix":1},"s":{"a":0,"k":[100,100],"ix":3},"r":{"a":0,"k":0,"ix":6},"o":{"a":0,"k":100,"ix":7},"sk":{"a":0,"k":0,"ix":4},"sa":{"a":0,"k":0,"ix":5},"nm":"Transform"}],"nm":"Group 1","np":2,"cix":2,"bm":0,"ix":1,"mn":"ADBE Vector Group","hd":false}],"ip":12.00000048877,"op":222.000009042245,"st":12.00000048877,"bm":0},{"ddd":0,"ind":23,"ty":4,"nm":"balon 1 Outlines","sr":1,"ks":{"o":{"a":1,"k":[{"i":{"x":[0.667],"y":[1]},"o":{"x":[0.333],"y":[0]},"t":22,"s":[100]},{"t":29.0000011811942,"s":[0]}],"ix":11},"r":{"a":0,"k":0,"ix":10},"p":{"a":1,"k":[{"i":{"x":0.667,"y":1},"o":{"x":0.333,"y":0},"t":0,"s":[501.885,484.314,0],"to":[-23.667,-40,0],"ti":[23.667,40,0]},{"t":26.0000010590017,"s":[359.885,244.314,0]}],"ix":2,"l":2},"a":{"a":0,"k":[84.326,79.162,0],"ix":1,"l":2},"s":{"a":0,"k":[100,100,100],"ix":6,"l":2}},"ao":0,"shapes":[{"ty":"gr","it":[{"ind":0,"ty":"sh","ix":1,"ks":{"a":0,"k":{"i":[[13.852,2.826],[4.477,4.484],[0,26.966],[46.435,0],[0,-42.922],[-46.434,0],[-8.915,2.975],[-0.682,-0.39]],"o":[[-5.697,-1.162],[22.559,-13.938],[0,-42.922],[-46.434,0],[0,42.923],[10.025,0],[0.453,0.494],[9.892,5.652]],"v":[[62.311,73.26],[46.658,63.463],[84.076,-1.195],[-0.001,-78.912],[-84.076,-1.195],[-0.001,76.523],[28.551,71.924],[30.237,73.26]],"c":true},"ix":2},"nm":"Path 1","mn":"ADBE Vector Shape - Group","hd":false},{"ty":"fl","c":{"a":0,"k":[0.917647118662,0.462745127958,0.415686304429,1],"ix":4},"o":{"a":0,"k":100,"ix":5},"r":1,"bm":0,"nm":"Fill 1","mn":"ADBE Vector Graphic - Fill","hd":false},{"ty":"tr","p":{"a":0,"k":[84.327,79.162],"ix":2},"a":{"a":0,"k":[0,0],"ix":1},"s":{"a":0,"k":[100,100],"ix":3},"r":{"a":0,"k":0,"ix":6},"o":{"a":0,"k":100,"ix":7},"sk":{"a":0,"k":0,"ix":4},"sa":{"a":0,"k":0,"ix":5},"nm":"Transform"}],"nm":"Group 1","np":2,"cix":2,"bm":0,"ix":1,"mn":"ADBE Vector Group","hd":false}],"ip":0,"op":210.000008553475,"st":0,"bm":0}]}],"layers":[{"ddd":0,"ind":1,"ty":0,"nm":"Desain 1 idle","refId":"comp_0","sr":1,"ks":{"o":{"a":0,"k":100,"ix":11},"r":{"a":0,"k":0,"ix":10},"p":{"a":0,"k":[240,260,0],"ix":2,"l":2},"a":{"a":0,"k":[540,540,0],"ix":1,"l":2},"s":{"a":0,"k":[59,59,100],"ix":6,"l":2}},"ao":0,"w":1080,"h":1080,"ip":0,"op":128.000005213547,"st":0,"bm":0},{"ddd":0,"ind":2,"ty":0,"nm":"Desain 2 hover over","refId":"comp_2","sr":1,"ks":{"o":{"a":0,"k":100,"ix":11},"r":{"a":0,"k":0,"ix":10},"p":{"a":0,"k":[235,206,0],"ix":2,"l":2},"a":{"a":0,"k":[540,540,0],"ix":1,"l":2},"s":{"a":0,"k":[59,59,100],"ix":6,"l":2}},"ao":0,"w":1080,"h":1080,"ip":127.000005172816,"op":296.000012056327,"st":127.000005172816,"bm":0}],"markers":[]}